,I_0,I_1,I_2,I_3,I_4,I_5,I_6,I_7,I_8,I_9,I_10,I_11,I_12,I_13,I_14,I_15,I_16,I_17
S_0,b_0,b_1,b_2,b_3,b_4,b_5,b_6,b_7,b_8,b_9,b_10,b_11,b_12,b_13,b_14,b_15,b_16,b_17
S_1,b_18,b_19,b_20,b_21,b_22,b_23,b_24,b_25,b_26,b_27,b_28,b_29,b_30,b_31,b_32,b_33,b_34,b_35
S_2,b_36,b_37,b_38,b_39,b_40,b_41,b_42,b_43,b_44,b_45,b_46,b_47,b_48,b_49,b_50,b_51,b_52,b_53
S_3,b_54,b_55,b_56,b_57,b_58,b_59,b_60,b_61,b_62,b_63,b_64,b_65,b_66,b_67,b_68,b_69,b_70,b_71
S_4,b_72,b_73,b_74,b_75,b_76,b_77,b_78,b_79,b_80,b_81,b_82,b_83,b_84,b_85,b_86,b_87,b_88,b_89
S_5,b_90,b_91,b_92,b_93,b_94,b_95,b_96,b_97,b_98,b_99,b_100,b_101,b_102,b_103,b_104,b_105,b_106,b_107
S_6,b_108,b_109,b_110,b_111,b_112,b_113,b_114,b_115,b_116,b_117,b_118,b_119,b_120,b_121,b_122,b_123,b_124,b_125
S_7,b_126,b_127,b_128,b_129,b_130,b_131,b_132,b_133,b_134,b_135,b_136,b_137,b_138,b_139,b_140,b_141,b_142,b_143
S_8,b_144,b_145,b_146,b_147,b_148,b_149,b_150,b_151,b_152,b_153,b_154,b_155,b_156,b_157,b_158,b_159,b_160,b_161
S_9,b_162,b_163,b_164,b_165,b_166,b_167,b_168,b_169,b_170,b_171,b_172,b_173,b_174,b_175,b_176,b_177,b_178,b_179
S_10,b_180,b_181,b_182,b_183,b_184,b_185,b_186,b_187,b_188,b_189,b_190,b_191,b_192,b_193,b_194,b_195,b_196,b_197
S_11,b_198,b_199,b_200,b_201,b_202,b_203,b_204,b_205,b_206,b_207,b_208,b_209,b_210,b_211,b_212,b_213,b_214,b_215
S_12,b_216,b_217,b_218,b_219,b_220,b_221,b_222,b_223,b_224,b_225,b_226,b_227,b_228,b_229,b_230,b_231,b_232,b_233
S_13,b_234,b_235,b_236,b_237,b_238,b_239,b_240,b_241,b_242,b_243,b_244,b_245,b_246,b_247,b_248,b_249,b_250,b_251
S_14,b_252,b_253,b_254,b_255,b_256,b_257,b_258,b_259,b_260,b_261,b_262,b_263,b_264,b_265,b_266,b_267,b_268,b_269
S_15,b_270,b_271,b_272,b_273,b_274,b_275,b_276,b_277,b_278,b_279,b_280,b_281,b_282,b_283,b_284,b_285,b_286,b_287
S_16,b_288,b_289,b_290,b_291,b_292,b_293,b_294,b_295,b_296,b_297,b_298,b_299,b_300,b_301,b_302,b_303,b_304,b_305
S_17,b_306,b_307,b_308,b_309,b_310,b_311,b_312,b_313,b_314,b_315,b_316,b_317,b_318,b_319,b_320,b_321,b_322,b_323
