time,I,R,H,D,N,S
2020-08-05,846260.0,3873184,52859.0,158787,150000000.0,145068910.0
2020-08-06,838529.0,3946952,51679.0,159968,150000000.0,145002872.0
2020-08-07,824021.0,4009412,51078.0,161263,150000000.0,144954226.0
2020-08-08,824033.0,4063954,49840.0,162352,150000000.0,144899821.0
2020-08-09,822565.0,4123370,47647.0,162933,150000000.0,144843485.0
2020-08-10,814205.0,4187406,46409.0,163461,150000000.0,144788519.0
2020-08-11,806517.0,4250377,46361.0,164541,150000000.0,144732204.0
2020-08-12,797688.0,4318077,46484.0,166045,150000000.0,144671706.0
2020-08-13,779930.0,4381424,46248.0,167073,150000000.0,144625325.0
2020-08-14,785627.0,4437545,46144.0,168376,150000000.0,144562308.0
2020-08-15,780528.0,4483391,45406.0,169419,150000000.0,144521256.0
2020-08-16,768216.0,4524676,45064.0,170030,150000000.0,144492014.0
2020-08-17,764317.0,4585818,45152.0,170509,150000000.0,144434204.0
2020-08-18,747671.0,4638726,45276.0,171738,150000000.0,144396589.0
2020-08-19,739449.0,4698083,45602.0,172417,150000000.0,144344449.0
2020-08-20,724548.0,4757426,44979.0,173515,150000000.0,144299532.0
2020-08-21,712007.0,4820096,45043.0,174612,150000000.0,144248242.0
2020-08-22,693511.0,4873297,44153.0,175574,150000000.0,144213465.0
2020-08-23,671251.0,4924432,43096.0,176076,150000000.0,144185145.0
2020-08-24,653705.0,4980877,42723.0,176507,150000000.0,144146188.0
2020-08-25,639391.0,5034882,42969.0,177724,150000000.0,144105034.0
2020-08-26,626361.0,5085175,42569.0,178877,150000000.0,144067018.0
2020-08-27,625352.0,5154139,42491.0,179985,150000000.0,143998033.0
2020-08-28,601600.0,5205548,42829.0,180901,150000000.0,143969122.0
2020-08-29,592346.0,5239162,42323.0,181864,150000000.0,143944305.0
2020-08-30,591937.0,5276719,42055.0,182304,150000000.0,143906985.0
2020-08-31,587466.0,5321209,41657.0,182789,150000000.0,143866879.0
2020-09-01,584460.0,5366063,42030.0,183850,150000000.0,143823597.0
2020-09-02,578663.0,5410125,42101.0,184923,150000000.0,143784188.0
2020-09-03,578739.0,5457002,41799.0,185946,150000000.0,143736514.0
2020-09-04,579498.0,5501323,41148.0,186896,150000000.0,143691135.0
2020-09-05,577465.0,5532435,40282.0,187687,150000000.0,143662131.0
2020-09-06,574640.0,5566088,39035.0,188125,150000000.0,143632112.0
2020-09-07,565251.0,5608327,38091.0,188448,150000000.0,143599883.0
2020-09-08,549792.0,5650050,38720.0,188917,150000000.0,143572521.0
2020-09-09,541451.0,5699387,39316.0,190017,150000000.0,143529829.0
2020-09-10,530636.0,5744798,39658.0,190926,150000000.0,143493982.0
2020-09-11,529141.0,5786727,39636.0,192068,150000000.0,143452428.0
2020-09-12,531685.0,5820158,39549.0,192805,150000000.0,143415803.0
2020-09-13,537825.0,5853293,38529.0,193196,150000000.0,143377157.0
2020-09-14,537200.0,5894838,38653.0,193620,150000000.0,143335689.0
2020-09-15,532670.0,5933770,38818.0,194806,150000000.0,143299936.0
2020-09-16,530901.0,5978051,38968.0,195736,150000000.0,143256344.0
2020-09-17,531131.0,6025863,38829.0,196583,150000000.0,143207594.0
2020-09-18,532699.0,6068144,37721.0,197540,150000000.0,143163896.0
2020-09-19,535116.0,6096557,36293.0,198205,150000000.0,143133829.0
2020-09-20,547643.0,6120993,35045.0,198471,150000000.0,143097848.0
2020-09-21,555201.0,6147686,34737.0,198881,150000000.0,143063495.0
2020-09-22,566406.0,6180516,34672.0,199902,150000000.0,143018504.0
2020-09-23,573785.0,6219087,35204.0,200953,150000000.0,142970971.0
2020-09-24,583160.0,6263027,34955.0,201838,150000000.0,142917020.0
2020-09-25,585961.0,6307727,35189.0,202753,150000000.0,142868370.0
2020-09-26,584236.0,6347273,34914.0,203515,150000000.0,142830062.0
2020-09-27,577635.0,6379871,35083.0,203818,150000000.0,142803593.0
2020-09-28,581305.0,6416977,35749.0,204151,150000000.0,142761818.0
2020-09-29,586156.0,6454435,36668.0,205042,150000000.0,142717699.0
2020-09-30,586723.0,6498971,37486.0,205947,150000000.0,142670873.0
2020-10-01,587644.0,6548303,37630.0,206842,150000000.0,142619581.0
2020-10-02,590964.0,6593070,38173.0,207730,150000000.0,142570063.0
2020-10-03,594689.0,6634003,38252.0,208402,150000000.0,142524654.0
2020-10-04,586454.0,6665894,39193.0,208771,150000000.0,142499688.0
2020-10-05,592141.0,6703727,40860.0,209246,150000000.0,142454026.0
2020-10-06,598854.0,6744270,42379.0,209933,150000000.0,142404564.0
2020-10-07,607091.0,6792363,43511.0,210837,150000000.0,142346198.0
2020-10-08,616307.0,6839013,44166.0,211813,150000000.0,142288701.0
2020-10-09,624012.0,6881943,44944.0,212773,150000000.0,142236328.0
2020-10-10,635376.0,6915002,45447.0,213421,150000000.0,142190754.0
2020-10-11,648549.0,6951110,46216.0,213884,150000000.0,142140241.0
2020-10-12,654933.0,6993007,47416.0,214277,150000000.0,142090367.0
2020-10-13,663239.0,7031192,49118.0,215008,150000000.0,142041443.0
2020-10-14,683494.0,7076566,49808.0,215996,150000000.0,141974136.0
2020-10-15,700994.0,7129274,50004.0,216835,150000000.0,141902893.0
2020-10-16,717757.0,7177731,50729.0,217758,150000000.0,141836025.0
2020-10-17,723227.0,7210312,51065.0,218547,150000000.0,141796849.0
2020-10-18,742151.0,7247778,51529.0,219028,150000000.0,141739514.0
2020-10-19,772941.0,7292289,52962.0,219538,150000000.0,141662270.0
2020-10-20,790491.0,7340808,54429.0,220486,150000000.0,141593786.0
2020-10-21,802449.0,7397853,55923.0,221654,150000000.0,141522121.0
2020-10-22,824452.0,7452325,56622.0,222513,150000000.0,141444088.0
2020-10-23,851253.0,7506625,57534.0,223467,150000000.0,141361121.0
2020-10-24,874098.0,7552534,57682.0,224438,150000000.0,141291248.0
2020-10-25,887595.0,7595036,57653.0,224891,150000000.0,141234825.0
2020-10-26,909110.0,7645075,58740.0,225448,150000000.0,141161627.0
2020-10-27,937491.0,7703226,60597.0,226468,150000000.0,141072218.0
2020-10-28,966708.0,7766046,62543.0,227510,150000000.0,140977193.0
2020-10-29,995525.0,7835361,63771.0,228505,150000000.0,140876838.0
2020-10-30,1025714.0,7889140,64669.0,229576,150000000.0,140790901.0
2020-10-31,1057636.0,7940495,64864.0,230515,150000000.0,140706490.0
2020-11-01,1083480.0,8008723,65568.0,231024,150000000.0,140611205.0
2020-11-02,1098681.0,8070573,67214.0,231745,150000000.0,140531787.0
2020-11-03,1163012.0,8130375,69881.0,233368,150000000.0,140403364.0
2020-11-04,1203656.0,8209478,72809.0,234481,150000000.0,140279576.0
2020-11-05,1253472.0,8290427,74990.0,235664,150000000.0,140145447.0
2020-11-06,1300467.0,8367311,76953.0,236879,150000000.0,140018390.0
2020-11-07,1349590.0,8426561,78098.0,238006,150000000.0,139907745.0
2020-11-08,1408581.0,8490455,79310.0,238582,150000000.0,139783072.0
2020-11-09,1463636.0,8568629,82756.0,239385,150000000.0,139645594.0
2020-11-10,1523943.0,8655583,86854.0,240819,150000000.0,139492801.0
2020-11-11,1585114.0,8746800,90588.0,242281,150000000.0,139335217.0
2020-11-12,1651972.0,8846061,93419.0,243519,150000000.0,139165029.0
2020-11-13,1730234.0,8931610,96094.0,244742,150000000.0,138997320.0
2020-11-14,1806342.0,9008377,97758.0,246113,150000000.0,138841410.0
2020-11-15,1866718.0,9091529,99346.0,246899,150000000.0,138695508.0
2020-11-16,1938517.0,9217557,102571.0,247773,150000000.0,138493582.0
2020-11-17,1978967.0,9317882,106379.0,249517,150000000.0,138347255.0
2020-11-18,2050314.0,9445980,109890.0,251451,150000000.0,138142365.0
2020-11-19,2112249.0,9573095,112048.0,253463,150000000.0,137949145.0
2020-11-20,2184206.0,9698348,113739.0,255432,150000000.0,137748275.0
2020-11-21,2234588.0,9816084,114195.0,257064,150000000.0,137578069.0
2020-11-22,2260455.0,9934533,114714.0,258140,150000000.0,137432158.0
2020-11-23,2325216.0,10072679,117457.0,259278,150000000.0,137225370.0
2020-11-24,2360900.0,10220064,120569.0,261452,150000000.0,137037015.0
2020-11-25,2392592.0,10377348,122903.0,263705,150000000.0,136843452.0
2020-11-26,2345966.0,10554713,121800.0,265101,150000000.0,136712420.0
2020-11-27,2382407.0,10715974,122773.0,266720,150000000.0,136512126.0
2020-11-28,2387016.0,10853077,123052.0,268131,150000000.0,136368724.0
2020-11-29,2388175.0,11007771,122689.0,269174,150000000.0,136212191.0
2020-11-30,2390969.0,11173747,125007.0,270550,150000000.0,136039727.0
2020-12-01,2422448.0,11344631,127928.0,273082,150000000.0,135831911.0
2020-12-02,2446048.0,11533758,130575.0,275922,150000000.0,135613697.0
2020-12-03,2473504.0,11731937,131106.0,278827,150000000.0,135384626.0
2020-12-04,2507554.0,11906881,131785.0,281487,150000000.0,135172293.0
2020-12-05,2549873.0,12049721,131513.0,283882,150000000.0,134985011.0
2020-12-06,2582769.0,12232588,133100.0,285301,150000000.0,134766242.0
2020-12-07,2594724.0,12405925,134797.0,286932,150000000.0,134577622.0
2020-12-08,2647255.0,12584576,137464.0,289532,150000000.0,134341173.0
2020-12-09,2681737.0,12694554,140583.0,292465,150000000.0,134190661.0
2020-12-10,2804603.0,12906845,141398.0,295376,150000000.0,133851778.0
2020-12-11,2826304.0,13071002,142519.0,298708,150000000.0,133661467.0
2020-12-12,2881572.0,13208168,142010.0,301215,150000000.0,133467035.0
2020-12-13,2932540.0,13365104,141519.0,302810,150000000.0,133258027.0
2020-12-14,2984370.0,13562240,143782.0,304505,150000000.0,133005103.0
2020-12-15,3012761.0,13756359,146897.0,307402,150000000.0,132776581.0
2020-12-16,3049888.0,13972108,149450.0,311076,150000000.0,132517478.0
2020-12-17,3069639.0,14203830,149929.0,314488,150000000.0,132262114.0
2020-12-18,3080945.0,14420825,149993.0,317416,150000000.0,132030821.0
2020-12-19,3066047.0,14596220,148596.0,320152,150000000.0,131868985.0
2020-12-20,3074085.0,14790764,147480.0,321849,150000000.0,131665822.0
2020-12-21,3075269.0,15016440,149184.0,323672,150000000.0,131435435.0
2020-12-22,3053559.0,15228846,152241.0,326999,150000000.0,131238355.0
2020-12-23,3058613.0,15461320,154495.0,330302,150000000.0,130995270.0
2020-12-24,3034430.0,15695363,152813.0,333162,150000000.0,130784232.0
2020-12-25,2923051.0,15916621,150618.0,334661,150000000.0,130675049.0
2020-12-26,2918262.0,16105352,150516.0,336571,150000000.0,130489299.0
2020-12-27,2863805.0,16314281,150054.0,338003,150000000.0,130333857.0
2020-12-28,2828076.0,16539606,151500.0,339900,150000000.0,130140918.0
2020-12-29,2807696.0,16770179,154447.0,343470,150000000.0,129924208.0
2020-12-30,2792302.0,17005501,157043.0,347322,150000000.0,129697832.0
2020-12-31,2867054.0,17248695,156306.0,350568,150000000.0,129377377.0
2021-01-01,2798134.0,17451515,154976.0,352773,150000000.0,129242602.0
2021-01-02,2865733.0,17635089,155099.0,355368,150000000.0,128988711.0
2021-01-03,2882777.0,17831089,155665.0,356793,150000000.0,128773676.0
2021-01-04,2872085.0,18034864,160393.0,358807,150000000.0,128573851.0
2021-01-05,2898438.0,18252077,162952.0,362381,150000000.0,128324152.0
2021-01-06,2937366.0,18459797,165215.0,366255,150000000.0,128071367.0
2021-01-07,3010835.0,18581326,165613.0,370250,150000000.0,127871976.0
2021-01-08,3188171.0,18795070,165575.0,374474,150000000.0,127476710.0
2021-01-09,3233707.0,18928128,163335.0,377600,150000000.0,127297230.0
2021-01-10,3307469.0,19100669,161441.0,379691,150000000.0,127050730.0
2021-01-11,3337339.0,19305661,162951.0,381541,150000000.0,126812508.0
2021-01-12,3352913.0,19520035,163474.0,385916,150000000.0,126577662.0
2021-01-13,3362839.0,19829986,164643.0,389891,150000000.0,126252641.0
2021-01-14,3283837.0,20003732,162796.0,393665,150000000.0,126155970.0
2021-01-15,3350654.0,20272542,160696.0,397479,150000000.0,125818629.0
2021-01-16,3295012.0,20472205,157052.0,401029,150000000.0,125674702.0
2021-01-17,3267964.0,20656957,153032.0,403010,150000000.0,125519037.0
2021-01-18,3222515.0,20887515,150814.0,404594,150000000.0,125334562.0
2021-01-19,3147387.0,21144828,150377.0,406996,150000000.0,125150412.0
2021-01-20,3075340.0,21425514,150132.0,411373,150000000.0,124937641.0
2021-01-21,2982304.0,21724280,147710.0,415467,150000000.0,124730239.0
2021-01-22,2870800.0,21984014,144581.0,419237,150000000.0,124581368.0
2021-01-23,2784635.0,22190437,139734.0,422760,150000000.0,124462434.0
2021-01-24,2714484.0,22393112,134191.0,424587,150000000.0,124333626.0
2021-01-25,2639955.0,22613746,131859.0,426369,150000000.0,124188071.0
2021-01-26,2568832.0,22838440,130943.0,430350,150000000.0,124031435.0
2021-01-27,2495322.0,23069307,130162.0,434407,150000000.0,123870802.0
2021-01-28,2427113.0,23309840,126833.0,438211,150000000.0,123698003.0
2021-01-29,2346076.0,23523269,123829.0,441764,150000000.0,123565062.0
2021-01-30,2279503.0,23696576,119458.0,444622,150000000.0,123459841.0
2021-01-31,2215909.0,23835928,114519.0,446554,150000000.0,123387090.0
2021-02-01,2200437.0,23991163,111888.0,448333,150000000.0,123248179.0
2021-02-02,2160813.0,24175275,111070.0,451889,150000000.0,123100953.0
2021-02-03,2097520.0,24363445,110998.0,455746,150000000.0,122972291.0
2021-02-04,2030146.0,24550919,107890.0,459628,150000000.0,122851417.0
2021-02-05,1969197.0,24724596,105221.0,463290,150000000.0,122737696.0
2021-02-06,1908138.0,24861665,101129.0,466016,150000000.0,122663052.0
2021-02-07,1857512.0,24990177,97532.0,467477,150000000.0,122587302.0
2021-02-08,1810701.0,25140021,95584.0,468926,150000000.0,122484768.0
2021-02-09,1755166.0,25292160,94738.0,471952,150000000.0,122385984.0
2021-02-10,1695696.0,25455513,93798.0,475314,150000000.0,122279679.0
2021-02-11,1635133.0,25615660,91063.0,478467,150000000.0,122179677.0
2021-02-12,1571392.0,25763234,88063.0,481302,150000000.0,122096009.0
2021-02-13,1511331.0,25873555,83931.0,483552,150000000.0,122047631.0
2021-02-14,1466950.0,25998216,79668.0,484703,150000000.0,121970463.0
2021-02-15,1397242.0,26114660,76866.0,485649,150000000.0,121925583.0
2021-02-16,1339689.0,26237387,76026.0,487297,150000000.0,121859601.0
2021-02-17,1284319.0,26359632,75325.0,489705,150000000.0,121791019.0
2021-02-18,1231916.0,26487481,72916.0,492263,150000000.0,121715424.0
2021-02-19,1176383.0,26601241,70979.0,494783,150000000.0,121656614.0
2021-02-20,1133684.0,26688503,68450.0,496690,150000000.0,121612673.0
2021-02-21,1099768.0,26770455,66221.0,497900,150000000.0,121565656.0
2021-02-22,1072662.0,26865012,65429.0,499101,150000000.0,121497796.0
2021-02-23,1050734.0,26958450,65515.0,501358,150000000.0,121423943.0
2021-02-24,1030020.0,27061388,65864.0,504572,150000000.0,121338156.0
2021-02-25,1000928.0,27158439,64591.0,507080,150000000.0,121268962.0
2021-02-26,976292.0,27246664,62909.0,509203,150000000.0,121204932.0
2021-02-27,956774.0,27313343,60944.0,510714,150000000.0,121158225.0
2021-02-28,940240.0,27368359,58893.0,511802,150000000.0,121120706.0
2021-03-01,934258.0,27426978,57605.0,513020,150000000.0,121068139.0
2021-03-02,933098.0,27494062,57196.0,514941,150000000.0,121000703.0
2021-03-03,931161.0,27563791,56886.0,517462,150000000.0,120930700.0
2021-03-04,927352.0,27636744,55421.0,519383,150000000.0,120861100.0
2021-03-05,919660.0,27708609,53882.0,521099,150000000.0,120796750.0
2021-03-06,906842.0,27762345,51964.0,522616,150000000.0,120756233.0
2021-03-07,893133.0,27817700,50505.0,523317,150000000.0,120715345.0
2021-03-08,881825.0,27890809,50040.0,524038,150000000.0,120653288.0
2021-03-09,863826.0,27964032,50254.0,525796,150000000.0,120596092.0
2021-03-10,846565.0,28039556,50538.0,527332,150000000.0,120536009.0
2021-03-11,831260.0,28112936,50320.0,528875,150000000.0,120476609.0
2021-03-12,818611.0,28182344,49649.0,530297,150000000.0,120419099.0
2021-03-13,804039.0,28233035,48356.0,531262,150000000.0,120383308.0
2021-03-14,790949.0,28282640,47227.0,531779,150000000.0,120347405.0
2021-03-15,792364.0,28340613,47177.0,532483,150000000.0,120287363.0
2021-03-16,788766.0,28406432,47782.0,533732,150000000.0,120223288.0
2021-03-17,781577.0,28473679,48406.0,534926,150000000.0,120161412.0
2021-03-18,775339.0,28539231,48189.0,536556,150000000.0,120100685.0
2021-03-19,769067.0,28598971,47892.0,537579,150000000.0,120046491.0
2021-03-20,766571.0,28639745,47085.0,538349,150000000.0,120008250.0
2021-03-21,760439.0,28683786,46095.0,539056,150000000.0,119970624.0
2021-03-22,764128.0,28739065,46654.0,539608,150000000.0,119910545.0
2021-03-23,761023.0,28795845,47742.0,540548,150000000.0,119854842.0
2021-03-24,791128.0,28856140,48825.0,542008,150000000.0,119761899.0
2021-03-25,796762.0,28917071,49007.0,543351,150000000.0,119693809.0
2021-03-26,810632.0,28972176,49138.0,544504,150000000.0,119623550.0
2021-03-27,818166.0,29009937,48914.0,545309,150000000.0,119577674.0
2021-03-28,825972.0,29061032,48512.0,545751,150000000.0,119518733.0
2021-03-29,841078.0,29115477,49083.0,546385,150000000.0,119447977.0
2021-03-30,848221.0,29174467,50219.0,547274,150000000.0,119379819.0
2021-03-31,857744.0,29235602,51357.0,548342,150000000.0,119306955.0
2021-04-01,872386.0,29295412,51437.0,549442,150000000.0,119231323.0
2021-04-02,885340.0,29352783,51537.0,550338,150000000.0,119160002.0
2021-04-03,891582.0,29387438,51087.0,551095,150000000.0,119118798.0
2021-04-04,894037.0,29435563,50791.0,551407,150000000.0,119068202.0
2021-04-05,913824.0,29487823,51804.0,551873,150000000.0,118994676.0
2021-04-06,924493.0,29574820,52928.0,552701,150000000.0,118895058.0
2021-04-07,912407.0,29639611,54168.0,555299,150000000.0,118838515.0
2021-04-08,924862.0,29714745,54506.0,556309,150000000.0,118749578.0
2021-04-09,933130.0,29777633,54853.0,557213,150000000.0,118677171.0
2021-04-10,939702.0,29823246,54703.0,557972,150000000.0,118624377.0
2021-04-11,940661.0,29889597,54459.0,558264,150000000.0,118557019.0
2021-04-12,937220.0,29951364,55122.0,558719,150000000.0,118497575.0
2021-04-13,955711.0,30019904,56145.0,559581,150000000.0,118408659.0
2021-04-14,961271.0,30095815,57040.0,560515,150000000.0,118325359.0
2021-04-15,958654.0,30168773,56957.0,561421,150000000.0,118254195.0
2021-04-16,967538.0,30232413,57026.0,562290,150000000.0,118180733.0
2021-04-17,958413.0,30269570,56533.0,563000,150000000.0,118152484.0
2021-04-18,964369.0,30337443,55847.0,563351,150000000.0,118078990.0
2021-04-19,955980.0,30400342,56063.0,563847,150000000.0,118023768.0
2021-04-20,955014.0,30475245,56498.0,564683,150000000.0,117948560.0
2021-04-21,943965.0,30554191,56850.0,565581,150000000.0,117879413.0
2021-04-22,930334.0,30637664,56177.0,566520,150000000.0,117809305.0
2021-04-23,908572.0,30707264,55443.0,567284,150000000.0,117761437.0
2021-04-24,892515.0,30753845,54249.0,568034,150000000.0,117731357.0
2021-04-25,879592.0,30816738,52756.0,568343,150000000.0,117682571.0
2021-04-26,859678.0,30896973,52189.0,568821,150000000.0,117622339.0
2021-04-27,831022.0,30971269,52015.0,569487,150000000.0,117576207.0
2021-04-28,811894.0,31044514,51942.0,570470,150000000.0,117521180.0
2021-04-29,795345.0,31126379,51191.0,571353,150000000.0,117455732.0
2021-04-30,770323.0,31180959,50111.0,572157,150000000.0,117426450.0
2021-05-01,763110.0,31224034,48742.0,572905,150000000.0,117391209.0
2021-05-02,749883.0,31283541,47728.0,573233,150000000.0,117345615.0
2021-05-03,735448.0,31345484,47430.0,573719,150000000.0,117297919.0
2021-05-04,715746.0,31409332,47416.0,574561,150000000.0,117252945.0
2021-05-05,696851.0,31474730,47318.0,575376,150000000.0,117205725.0
2021-05-06,676582.0,31536585,46394.0,576171,150000000.0,117164268.0
2021-05-07,662097.0,31590135,45500.0,576928,150000000.0,117125340.0
2021-05-08,642754.0,31623904,43971.0,577567,150000000.0,117111804.0
2021-05-09,631085.0,31666929,42483.0,577830,150000000.0,117081673.0
2021-05-10,620593.0,31718584,42016.0,578232,150000000.0,117040575.0
2021-05-11,603816.0,31773738,41883.0,578912,150000000.0,117001651.0
2021-05-12,583943.0,31830651,41373.0,579678,150000000.0,116964355.0
2021-05-13,564147.0,31887636,40320.0,580419,150000000.0,116927478.0
2021-05-14,548003.0,31935176,39276.0,581050,150000000.0,116896495.0
2021-05-15,530313.0,31965247,37899.0,581575,150000000.0,116884966.0
2021-05-16,517349.0,32010379,36517.0,581843,150000000.0,116853912.0
2021-05-17,497480.0,32052704,35924.0,582245,150000000.0,116831647.0
2021-05-18,483771.0,32097719,35990.0,583025,150000000.0,116799495.0
2021-05-19,467020.0,32143009,35656.0,583679,150000000.0,116770636.0
2021-05-20,451081.0,32190489,34864.0,584364,150000000.0,116739202.0
2021-05-21,431581.0,32224852,34114.0,584965,150000000.0,116724488.0
2021-05-22,417534.0,32247103,33188.0,585453,150000000.0,116716722.0
2021-05-23,408583.0,32279693,32255.0,585659,150000000.0,116693810.0
2021-05-24,397945.0,32314536,31972.0,586096,150000000.0,116669451.0
2021-05-25,386471.0,32349858,32001.0,586735,150000000.0,116644935.0
2021-05-26,374861.0,32386756,32013.0,587720,150000000.0,116618650.0
2021-05-27,363524.0,32426988,31272.0,589070,150000000.0,116589146.0
2021-05-28,343858.0,32456939,30299.0,589600,150000000.0,116579304.0
2021-05-29,326351.0,32474243,29332.0,589928,150000000.0,116580146.0
2021-05-30,315925.0,32499626,28217.0,590076,150000000.0,116566156.0
2021-05-31,296744.0,32528462,27280.0,590258,150000000.0,116557256.0
2021-06-01,288819.0,32556863,27087.0,590901,150000000.0,116536330.0
2021-06-02,276366.0,32586303,26758.0,591466,150000000.0,116519107.0
2021-06-03,264330.0,32614339,25956.0,592095,150000000.0,116503280.0
2021-06-04,253178.0,32634739,25172.0,592612,150000000.0,116494299.0
2021-06-05,247418.0,32647941,24103.0,593198,150000000.0,116487340.0
2021-06-06,239526.0,32669930,23180.0,593367,150000000.0,116473997.0
2021-06-07,231554.0,32693429,22929.0,593674,150000000.0,116458414.0
2021-06-08,220547.0,32717472,22856.0,593982,150000000.0,116445143.0
2021-06-09,214397.0,32743543,22858.0,594457,150000000.0,116424745.0
2021-06-10,202368.0,32765057,22803.0,594859,150000000.0,116414913.0
2021-06-11,204956.0,32777505,22176.0,595385,150000000.0,116399978.0
2021-06-12,200803.0,32784442,21520.0,595654,150000000.0,116397581.0
2021-06-13,198626.0,32790680,20892.0,595766,150000000.0,116394036.0
2021-06-14,204181.0,32811587,20637.0,595952,150000000.0,116367643.0
2021-06-15,193731.0,32827855,20729.0,596275,150000000.0,116361410.0
2021-06-16,188894.0,32845441,20752.0,596658,150000000.0,116348255.0
2021-06-17,182447.0,32862655,20411.0,596957,150000000.0,116337530.0
2021-06-18,185920.0,32877213,20028.0,597556,150000000.0,116319283.0
2021-06-19,179652.0,32882939,19444.0,597726,150000000.0,116320239.0
2021-06-20,178685.0,32897045,18877.0,597806,150000000.0,116307587.0
2021-06-21,175227.0,32909584,18892.0,598066,150000000.0,116298231.0
2021-06-22,173198.0,32927443,19025.0,598408,150000000.0,116281926.0
2021-06-23,167487.0,32941574,19191.0,598794,150000000.0,116272954.0
2021-06-24,167165.0,32965736,19111.0,599136,150000000.0,116248852.0
2021-06-25,167170.0,32974029,19002.0,599664,150000000.0,116240135.0
2021-06-26,167394.0,32978897,18849.0,599825,150000000.0,116235035.0
2021-06-27,167027.0,32990726,18669.0,599901,150000000.0,116223677.0
2021-06-28,168887.0,33001210,18938.0,600060,150000000.0,116210905.0
2021-06-29,165775.0,33012635,19456.0,600389,150000000.0,116201745.0
2021-06-30,169300.0,33023858,19887.0,600688,150000000.0,116186267.0
2021-07-01,172704.0,33044561,20202.0,600971,150000000.0,116161562.0
2021-07-02,181314.0,33053013,20340.0,601408,150000000.0,116143925.0
2021-07-03,177711.0,33057857,20271.0,601493,150000000.0,116142668.0
2021-07-04,177053.0,33068545,20334.0,601533,150000000.0,116132535.0
2021-07-05,175490.0,33079194,20715.0,601654,150000000.0,116122947.0
2021-07-06,187288.0,33091381,21583.0,601957,150000000.0,116097791.0
2021-07-07,194937.0,33105249,22468.0,602284,150000000.0,116075062.0
2021-07-08,201626.0,33129507,23145.0,602535,150000000.0,116043187.0
2021-07-09,224091.0,33138089,23799.0,602998,150000000.0,116011023.0
2021-07-10,225088.0,33142673,24305.0,603076,150000000.0,116004858.0
2021-07-11,232194.0,33156317,24761.0,603197,150000000.0,115983531.0
2021-07-12,248090.0,33163617,25986.0,603428,150000000.0,115958879.0
2021-07-13,267064.0,33178540,27345.0,603784,150000000.0,115923267.0
2021-07-14,282905.0,33193142,28853.0,604108,150000000.0,115890992.0
2021-07-15,299911.0,33222382,30260.0,604464,150000000.0,115842983.0
2021-07-16,348346.0,33227215,31383.0,604917,150000000.0,115788139.0
2021-07-17,357131.0,33231414,32268.0,604989,150000000.0,115774198.0
2021-07-18,373244.0,33240484,33438.0,605084,150000000.0,115747750.0
2021-07-19,413292.0,33262854,35374.0,605282,150000000.0,115683198.0
2021-07-20,430649.0,33282704,37538.0,605571,150000000.0,115643538.0
2021-07-21,458364.0,33303224,39991.0,605935,150000000.0,115592486.0
2021-07-22,493907.0,33349911,42035.0,606222,150000000.0,115507925.0
2021-07-23,567714.0,33359401,44336.0,606774,150000000.0,115421775.0
2021-07-24,587066.0,33371033,46189.0,606910,150000000.0,115388802.0
2021-07-25,603952.0,33400591,48285.0,607013,150000000.0,115340159.0
2021-07-26,652829.0,33426847,51325.0,607262,150000000.0,115261737.0
2021-07-27,691475.0,33457509,54789.0,607720,150000000.0,115188507.0
2021-07-28,733925.0,33489061,58043.0,608100,150000000.0,115110871.0
2021-07-29,774349.0,33566773,61287.0,608419,150000000.0,114989172.0
2021-07-30,887474.0,33579959,64559.0,609304,150000000.0,114858704.0
2021-07-31,918139.0,33600166,66692.0,609481,150000000.0,114805522.0
2021-08-01,943169.0,33649144,69183.0,609716,150000000.0,114728788.0
2021-08-02,1001430.0,33688697,73016.0,610088,150000000.0,114626769.0
2021-08-03,1059584.0,33735966,77136.0,610673,150000000.0,114516641.0
2021-08-04,1114135.0,33791844,81124.0,611222,150000000.0,114401675.0
2021-08-05,1167312.0,33912099,84508.0,611748,150000000.0,114224333.0
2021-08-06,1298490.0,33940362,87638.0,612879,150000000.0,114060631.0
2021-08-07,1333023.0,33968746,90229.0,613149,150000000.0,113994853.0
2021-08-08,1340103.0,34047144,92357.0,613289,150000000.0,113907107.0
2021-08-09,1419956.0,34111774,95853.0,613810,150000000.0,113758607.0
2021-08-10,1473126.0,34184522,100143.0,614632,150000000.0,113627577.0
2021-08-11,1554052.0,34256072,104251.0,615438,150000000.0,113470187.0
2021-08-12,1625542.0,34446197,106810.0,616469,150000000.0,113204982.0
2021-08-13,1661098.0,34489871,109067.0,617531,150000000.0,113122433.0
2021-08-14,1690598.0,34535006,109928.0,617810,150000000.0,113046658.0
2021-08-15,1693083.0,34642267,110850.0,618023,150000000.0,112935777.0
2021-08-16,1778931.0,34739300,113468.0,619069,150000000.0,112749232.0
2021-08-17,1832082.0,34840675,116492.0,620099,150000000.0,112590652.0
2021-08-18,1896937.0,34949077,119172.0,621301,150000000.0,112413513.0
2021-08-19,1942709.0,35199256,120300.0,623081,150000000.0,112114654.0
2021-08-20,1929753.0,35261729,121073.0,624535,150000000.0,112062910.0
2021-08-21,1959415.0,35296884,120739.0,625114,150000000.0,111997848.0
2021-08-22,1969097.0,35455054,120385.0,625335,150000000.0,111830129.0
2021-08-23,2016872.0,35572041,121736.0,626669,150000000.0,111662682.0
2021-08-24,2053774.0,35725100,123790.0,628106,150000000.0,111469230.0
2021-08-25,2078433.0,35867400,125710.0,629652,150000000.0,111298805.0
2021-08-26,2118378.0,36091894,125707.0,631870,150000000.0,111032151.0
2021-08-27,2130012.0,36164383,125188.0,633617,150000000.0,110946800.0
2021-08-28,2135861.0,36211631,123640.0,634268,150000000.0,110894600.0
2021-08-29,2141192.0,36404629,122366.0,634592,150000000.0,110697221.0
2021-08-30,2175788.0,36554146,122839.0,636305,150000000.0,110510922.0
2021-08-31,2204639.0,36719961,124264.0,637750,150000000.0,110313386.0
2021-09-01,2227766.0,36873293,125471.0,639794,150000000.0,110133676.0
2021-09-02,2251570.0,37109240,124436.0,642850,150000000.0,109871904.0
2021-09-03,2247682.0,37200890,123853.0,644789,150000000.0,109782786.0
2021-09-04,2241463.0,37245648,121875.0,645447,150000000.0,109745567.0
2021-09-05,2260790.0,37451393,120081.0,645868,150000000.0,109521868.0
2021-09-06,2144661.0,37605999,119209.0,646485,150000000.0,109483646.0
2021-09-07,2199522.0,37783061,120417.0,648578,150000000.0,109248422.0
2021-09-08,2197990.0,37964547,121291.0,650883,150000000.0,109065289.0
2021-09-09,2180906.0,38199664,120142.0,654112,150000000.0,108845176.0
2021-09-10,2184250.0,38277291,118326.0,656570,150000000.0,108763563.0
2021-09-11,2194740.0,38329679,115633.0,657412,150000000.0,108702536.0
2021-09-12,2191130.0,38557217,113763.0,657792,150000000.0,108480098.0
2021-09-13,2170895.0,38735148,112798.0,659942,150000000.0,108321217.0
2021-09-14,2136423.0,38923613,112588.0,661864,150000000.0,108165512.0
2021-09-15,2119248.0,39100059,112447.0,664598,150000000.0,108003648.0
2021-09-16,2098721.0,39331687,111337.0,668085,150000000.0,107790170.0
2021-09-17,2074236.0,39416597,108803.0,670545,150000000.0,107729819.0
2021-09-18,2063179.0,39480333,105315.0,671552,150000000.0,107679621.0
2021-09-19,2044467.0,39569963,102172.0,671959,150000000.0,107611439.0
2021-09-20,2123811.0,39777742,100743.0,674264,150000000.0,107323440.0
2021-09-21,2035606.0,39952923,100256.0,676706,150000000.0,107234509.0
2021-09-22,1989614.0,40116945,99343.0,679391,150000000.0,107114707.0
2021-09-23,1951983.0,40355327,97101.0,682699,150000000.0,106912890.0
2021-09-24,1884862.0,40443418,94688.0,685183,150000000.0,106891849.0
2021-09-25,1856202.0,40492188,91307.0,686033,150000000.0,106874270.0
2021-09-26,1862239.0,40699276,88320.0,686628,150000000.0,106663537.0
2021-09-27,1808457.0,40842632,86985.0,688881,150000000.0,106573045.0
2021-09-28,1776058.0,41013330,86405.0,691395,150000000.0,106432812.0
2021-09-29,1724726.0,41169345,85709.0,694033,150000000.0,106326187.0
2021-09-30,1676220.0,41377155,83707.0,696853,150000000.0,106166065.0
2021-10-01,1620422.0,41451340,81400.0,698981,150000000.0,106147857.0
2021-10-02,1593905.0,41496497,78628.0,699855,150000000.0,106131115.0
2021-10-03,1594113.0,41665332,76178.0,700401,150000000.0,105963976.0
2021-10-04,1565296.0,41785281,75319.0,702331,150000000.0,105871773.0
2021-10-05,1538974.0,41915024,75443.0,704219,150000000.0,105766340.0
2021-10-06,1520093.0,42041442,75476.0,706877,150000000.0,105656112.0
2021-10-07,1492125.0,42213540,73985.0,709348,150000000.0,105511002.0
2021-10-08,1448115.0,42273650,72673.0,711153,150000000.0,105494409.0
2021-10-09,1426577.0,42328855,70800.0,711605,150000000.0,105462163.0
2021-10-10,1411939.0,42482262,68945.0,712099,150000000.0,105324755.0
2021-10-11,1350889.0,42594290,68547.0,713281,150000000.0,105272993.0
2021-10-12,1348676.0,42713882,68826.0,715569,150000000.0,105153047.0
2021-10-13,1335112.0,42820843,68865.0,718755,150000000.0,105056425.0
2021-10-14,1311150.0,42973485,67838.0,720945,150000000.0,104926582.0
2021-10-15,1265068.0,43021459,66466.0,722767,150000000.0,104924240.0
2021-10-16,1256662.0,43067103,64510.0,723362,150000000.0,104888363.0
2021-10-17,1243614.0,43207187,62770.0,723842,150000000.0,104762587.0
2021-10-18,1199679.0,43300979,62008.0,725607,150000000.0,104711727.0
2021-10-19,1186751.0,43411765,61864.0,727571,150000000.0,104612049.0
2021-10-20,1166234.0,43509683,61855.0,730761,150000000.0,104531467.0
2021-10-21,1142457.0,43638224,60679.0,732779,150000000.0,104425861.0
2021-10-22,1107798.0,43676731,59435.0,734649,150000000.0,104421387.0
2021-10-23,1101752.0,43717176,57739.0,735223,150000000.0,104388110.0
2021-10-24,1081704.0,43809746,56115.0,735504,150000000.0,104316931.0
2021-10-25,1098325.0,43919286,55391.0,736961,150000000.0,104190037.0
2021-10-26,1054995.0,44025999,55521.0,738564,150000000.0,104124921.0
2021-10-27,1049145.0,44110124,55581.0,740624,150000000.0,104044526.0
2021-10-28,1037518.0,44217017,54872.0,742481,150000000.0,103948112.0
2021-10-29,1023486.0,44256675,54216.0,744213,150000000.0,103921410.0
2021-10-30,1018435.0,44289465,52816.0,744614,150000000.0,103894670.0
2021-10-31,1019275.0,44385835,51469.0,744873,150000000.0,103798548.0
2021-11-01,1032486.0,44467217,51362.0,746120,150000000.0,103702815.0
2021-11-02,1019950.0,44558139,51895.0,747431,150000000.0,103622585.0
2021-11-03,1014432.0,44633483,52228.0,749418,150000000.0,103550439.0
2021-11-04,1018333.0,44728181,52021.0,750620,150000000.0,103450845.0
2021-11-05,1019522.0,44760389,51639.0,752743,150000000.0,103415707.0
2021-11-06,1022485.0,44780852,50970.0,753251,150000000.0,103392442.0
2021-11-07,1040506.0,44890093,50461.0,753482,150000000.0,103265458.0
2021-11-08,1038363.0,44956555,50957.0,754687,150000000.0,103199438.0
2021-11-09,1050694.0,45057572,51974.0,756136,150000000.0,103083624.0
2021-11-10,1043361.0,45130435,53116.0,757831,150000000.0,103015257.0
2021-11-11,1026478.0,45224252,53294.0,758732,150000000.0,102937244.0
2021-11-12,1075880.0,45258140,53546.0,761183,150000000.0,102851251.0
2021-11-13,1085734.0,45291571,53319.0,761783,150000000.0,102807593.0
2021-11-14,1085605.0,45401181,53242.0,762013,150000000.0,102697959.0
2021-11-15,1106822.0,45469992,54501.0,763295,150000000.0,102605390.0
2021-11-16,1124710.0,45555385,56005.0,764617,150000000.0,102499283.0
2021-11-17,1150401.0,45634954,57519.0,766280,150000000.0,102390846.0
2021-11-18,1177752.0,45730707,57761.0,767616,150000000.0,102266164.0
2021-11-19,1206934.0,45766234,58191.0,769383,150000000.0,102199258.0
2021-11-20,1216896.0,45804751,58112.0,769858,150000000.0,102150383.0
2021-11-21,1219433.0,45911831,58482.0,770107,150000000.0,102040147.0
2021-11-22,1253000.0,45990582,59871.0,771354,150000000.0,101925193.0
2021-11-23,1264724.0,46084363,61529.0,772706,150000000.0,101816678.0
2021-11-24,1281163.0,46140340,62786.0,774404,150000000.0,101741307.0
2021-11-25,1260545.0,46283974,62072.0,774890,150000000.0,101618519.0
2021-11-26,1171118.0,46329778,62629.0,775279,150000000.0,101661196.0
2021-11-27,1153392.0,46363342,62306.0,775617,150000000.0,101645343.0
2021-11-28,1164613.0,46494122,62810.0,775894,150000000.0,101502561.0
2021-11-29,1218709.0,46580186,64376.0,777811,150000000.0,101358918.0
2021-11-30,1248333.0,46690950,66379.0,779453,150000000.0,101214885.0
2021-12-01,1272929.0,46797532,67742.0,781454,150000000.0,101080343.0
2021-12-02,1302258.0,46919863,68551.0,785394,150000000.0,100923934.0
2021-12-03,1333985.0,46965509,69493.0,787004,150000000.0,100844009.0
2021-12-04,1354537.0,47006338,69905.0,787704,150000000.0,100781516.0
2021-12-05,1369570.0,47146822,71263.0,788116,150000000.0,100624229.0
2021-12-06,1403593.0,47237119,72978.0,789541,150000000.0,100496769.0
2021-12-07,1424340.0,47347178,75225.0,791054,150000000.0,100362203.0
2021-12-08,1462146.0,47382414,77095.0,792875,150000000.0,100285470.0
2021-12-09,1549024.0,47435554,77894.0,794428,150000000.0,100143100.0
2021-12-10,1651746.0,47462268,78440.0,796181,150000000.0,100011365.0
2021-12-11,1681021.0,47506767,78398.0,796805,150000000.0,99937009.0
2021-12-12,1689295.0,47691549,77487.0,797176,150000000.0,99744493.0
2021-12-13,1687396.0,47807763,78086.0,798567,150000000.0,99628188.0
2021-12-14,1683141.0,47943253,79370.0,800079,150000000.0,99494157.0
2021-12-15,1691754.0,48078933,80525.0,802311,150000000.0,99346477.0
2021-12-16,1696032.0,48235663,80355.0,803579,150000000.0,99184371.0
2021-12-17,1730543.0,48301607,80039.0,805443,150000000.0,99082368.0
2021-12-18,1744416.0,48357490,79072.0,806122,150000000.0,99012900.0
2021-12-19,1778773.0,48532089,78203.0,806442,150000000.0,98804493.0
2021-12-20,1845016.0,48643008,79137.0,807992,150000000.0,98624847.0
2021-12-21,1914821.0,48790473,81150.0,809905,150000000.0,98403651.0
2021-12-22,2013297.0,48910223,83934.0,814090,150000000.0,98178456.0
2021-12-23,2163751.0,49066233,85364.0,815495,150000000.0,97869157.0
2021-12-24,2254605.0,49123286,86457.0,816184,150000000.0,97719468.0
2021-12-25,2285178.0,49176441,87887.0,816426,150000000.0,97634068.0
2021-12-26,2415302.0,49359325,90536.0,816796,150000000.0,97318041.0
2021-12-27,2738119.0,49470829,96527.0,818642,150000000.0,96875883.0
2021-12-28,2997229.0,49614153,104575.0,820933,150000000.0,96463110.0
2021-12-29,3362632.0,49753988,113189.0,823288,150000000.0,95946903.0
2021-12-30,3818389.0,49945010,121015.0,824775,150000000.0,95290811.0
2021-12-31,4137922.0,50025960,127566.0,825506,150000000.0,94883046.0
2022-01-01,4248472.0,50116478,133907.0,825907,150000000.0,94675236.0
2022-01-02,4453796.0,50357181,141042.0,826366,150000000.0,94221615.0
2022-01-03,5255420.0,50537551,151437.0,828270,150000000.0,93227322.0
2022-01-04,5901953.0,50783079,162862.0,830596,150000000.0,92321510.0
2022-01-05,6329873.0,51055241,173364.0,832823,150000000.0,91608699.0
2022-01-06,6900086.0,51301416,181217.0,834917,150000000.0,90782364.0
2022-01-07,7530810.0,51387291,187113.0,837357,150000000.0,90057429.0
2022-01-08,7851171.0,51569940,190462.0,838229,150000000.0,89550198.0
2022-01-09,8161063.0,52075391,193281.0,838849,150000000.0,88731416.0
2022-01-10,9009497.0,52445803,199864.0,840897,150000000.0,87503939.0
2022-01-11,9423256.0,52954300,207290.0,843418,150000000.0,86571736.0
2022-01-12,9766106.0,53549398,213578.0,846267,150000000.0,85624651.0
2022-01-13,10033454.0,54058878,217380.0,848829,150000000.0,84841459.0
2022-01-14,10400561.0,54248310,218711.0,851628,150000000.0,84280790.0
2022-01-15,10624630.0,54543545,216071.0,852636,150000000.0,83763118.0
2022-01-16,10814485.0,55585566,212263.0,853401,150000000.0,82534285.0
2022-01-17,10431940.0,56413335,212548.0,854439,150000000.0,82087738.0
2022-01-18,10736000.0,57086374,215509.0,857174,150000000.0,81104943.0
2022-01-19,10970072.0,57927494,217752.0,860656,150000000.0,80024026.0
2022-01-20,10856351.0,58803555,216451.0,863588,150000000.0,79260055.0
2022-01-21,10783099.0,59208848,212638.0,866971,150000000.0,78928444.0
2022-01-22,10684381.0,59701229,206554.0,868003,150000000.0,78539833.0
2022-01-23,10561888.0,61054992,199947.0,868745,150000000.0,77314428.0
2022-01-24,10116135.0,61839036,197730.0,870920,150000000.0,76976179.0
2022-01-25,9822173.0,62689747,198398.0,874077,150000000.0,76415605.0
2022-01-26,9645406.0,63551182,198790.0,877937,150000000.0,75726685.0
2022-01-27,9283400.0,64427712,195041.0,880556,150000000.0,75213291.0
2022-01-28,9016895.0,64839919,189366.0,884649,150000000.0,75069171.0
2022-01-29,8783268.0,65324805,181312.0,885861,150000000.0,74824754.0
2022-01-30,8498181.0,65984558,173404.0,886349,150000000.0,74457508.0
2022-01-31,8373254.0,67114832,169709.0,888942,150000000.0,73453263.0
2022-02-01,7566823.0,68021331,167936.0,892289,150000000.0,73351621.0
2022-02-02,6984071.0,68748600,165305.0,895901,150000000.0,73206123.0
2022-02-03,6526816.0,69551857,157814.0,898385,150000000.0,72865128.0
2022-02-04,6075814.0,69857689,150531.0,902511,150000000.0,73013455.0
2022-02-05,5854276.0,70227682,142614.0,903438,150000000.0,72871990.0
2022-02-06,5568378.0,71135964,134535.0,903908,150000000.0,72257215.0
2022-02-07,5002215.0,71625349,129422.0,906780,150000000.0,72336234.0
2022-02-08,4723772.0,72299453,126895.0,909777,150000000.0,71940103.0
2022-02-09,4233823.0,72799408,124196.0,913111,150000000.0,71929462.0
2022-02-10,3900898.0,73408801,118167.0,916362,150000000.0,71655772.0
2022-02-11,3496424.0,73588767,112116.0,919069,150000000.0,71883624.0
2022-02-12,3366545.0,73788953,105197.0,919894,150000000.0,71819411.0
2022-02-13,3224730.0,74323683,99145.0,920478,150000000.0,71431964.0
2022-02-14,2856616.0,74646947,94787.0,923650,150000000.0,71478000.0
2022-02-15,2640563.0,74971443,92061.0,926248,150000000.0,71369685.0
2022-02-16,2427275.0,75241885,89616.0,929432,150000000.0,71311792.0
2022-02-17,2254917.0,75593679,84754.0,932377,150000000.0,71134273.0
2022-02-18,2044065.0,75679592,79606.0,934884,150000000.0,71261853.0
2022-02-19,1987803.0,75763927,74093.0,935571,150000000.0,71238606.0
2022-02-20,1926323.0,76106068,68862.0,936019,150000000.0,70962728.0
2022-02-21,1663379.0,76318982,65326.0,936919,150000000.0,71015394.0
2022-02-22,1538747.0,76503963,63570.0,939090,150000000.0,70954630.0
2022-02-23,1435641.0,76671236,61979.0,942181,150000000.0,70888963.0
2022-02-24,1331805.0,76876452,58906.0,945135,150000000.0,70787702.0
2022-02-25,1197277.0,76927167,55488.0,947214,150000000.0,70872854.0
2022-02-26,1192325.0,76985600,51674.0,947977,150000000.0,70822424.0
2022-02-27,1151662.0,77152575,48227.0,948202,150000000.0,70699334.0
2022-02-28,1081225.0,77260817,46202.0,950343,150000000.0,70661413.0
2022-03-01,1017295.0,77372860,45242.0,952106,150000000.0,70612497.0
2022-03-02,956513.0,77472031,44321.0,954203,150000000.0,70572932.0
2022-03-03,903732.0,77614213,42190.0,955908,150000000.0,70483957.0
2022-03-04,818344.0,77644618,39908.0,957661,150000000.0,70539469.0
2022-03-05,801452.0,77667850,37535.0,957971,150000000.0,70535192.0
2022-03-06,790534.0,77747281,35216.0,958185,150000000.0,70468784.0
2022-03-07,764367.0,77834786,33703.0,959862,150000000.0,70407282.0
2022-03-08,704520.0,77917415,32982.0,961279,150000000.0,70383804.0
2022-03-09,657369.0,77981919,32389.0,963303,150000000.0,70365020.0
2022-03-10,636507.0,78053800,30932.0,965064,150000000.0,70313697.0
2022-03-11,611625.0,78099983,29349.0,966723,150000000.0,70292320.0
2022-03-12,574301.0,78118237,27500.0,967002,150000000.0,70312960.0
2022-03-13,567076.0,78214805,25721.0,967197,150000000.0,70225201.0
2022-03-14,504583.0,78259949,24778.0,968506,150000000.0,70242184.0
2022-03-15,481643.0,78311894,24353.0,969585,150000000.0,70212525.0
2022-03-16,479854.0,78358534,24005.0,971432,150000000.0,70166175.0
2022-03-17,483392.0,78415540,23209.0,972925,150000000.0,70104934.0
2022-03-18,456524.0,78429757,22281.0,973974,150000000.0,70117464.0
2022-03-19,452379.0,78442097,21135.0,974258,150000000.0,70110131.0
2022-03-20,451420.0,78495487,19972.0,974346,150000000.0,70058775.0
2022-03-21,438986.0,78523772,19345.0,975396,150000000.0,70042501.0
2022-03-22,430880.0,78559893,19360.0,976170,150000000.0,70013697.0
2022-03-23,433886.0,78603920,19386.0,977809,150000000.0,69964999.0
2022-03-24,430271.0,78651814,18807.0,978675,150000000.0,69920433.0
2022-03-25,425926.0,78661487,18335.0,979520,150000000.0,69914732.0
2022-03-26,425103.0,78672645,17635.0,979670,150000000.0,69904947.0
2022-03-27,425831.0,78706854,16833.0,979731,150000000.0,69870751.0
2022-03-28,429273.0,78729347,16500.0,980751,150000000.0,69844129.0
2022-03-29,428820.0,78779822,16502.0,981511,150000000.0,69793345.0
2022-03-30,415702.0,78830680,16598.0,982678,150000000.0,69754342.0
2022-03-31,408227.0,78861796,16301.0,983193,150000000.0,69730483.0
2022-04-01,407759.0,78872087,15880.0,984023,150000000.0,69720251.0
2022-04-02,408718.0,78883593,15344.0,984182,150000000.0,69708163.0
2022-04-03,402067.0,78924577,14868.0,984242,150000000.0,69674246.0
2022-04-04,399140.0,78945221,14596.0,984827,150000000.0,69656216.0
2022-04-05,402881.0,78984612,14722.0,985337,150000000.0,69612448.0
2022-04-06,402910.0,79025557,15047.0,986443,150000000.0,69570043.0
2022-04-07,410532.0,79069116,15105.0,987299,150000000.0,69517948.0
2022-04-08,439295.0,79078195,14995.0,987915,150000000.0,69479600.0
2022-04-09,442656.0,79090062,14789.0,988084,150000000.0,69464409.0
2022-04-10,440427.0,79127744,14524.0,988114,150000000.0,69429191.0
2022-04-11,440829.0,79150478,14635.0,988440,150000000.0,69405618.0
2022-04-12,452991.0,79187995,15043.0,989040,150000000.0,69354931.0
2022-04-13,464936.0,79231407,15445.0,990178,150000000.0,69298034.0
2022-04-14,474245.0,79262031,15700.0,990717,150000000.0,69257307.0
2022-04-15,477551.0,79273671,15746.0,991157,150000000.0,69241875.0
2022-04-16,478290.0,79278631,15550.0,991211,150000000.0,69236318.0
2022-04-17,481199.0,79316737,15412.0,991222,150000000.0,69195430.0
2022-04-18,502633.0,79341468,15746.0,991461,150000000.0,69148692.0
2022-04-19,516164.0,79380944,16359.0,991915,150000000.0,69094618.0
2022-04-20,544008.0,79429740,17026.0,992792,150000000.0,69016434.0
2022-04-21,554818.0,79502505,17439.0,993205,150000000.0,68932033.0
2022-04-22,570215.0,79515051,17819.0,993715,150000000.0,68903200.0
2022-04-23,577862.0,79524790,17880.0,993783,150000000.0,68885685.0
2022-04-24,582038.0,79562872,17909.0,993815,150000000.0,68843366.0
2022-04-25,611728.0,79597831,18516.0,994078,150000000.0,68777847.0
2022-04-26,621396.0,79647571,19562.0,994400,150000000.0,68717071.0
2022-04-27,661146.0,79700644,20391.0,995186,150000000.0,68622633.0
2022-04-28,684261.0,79734685,20933.0,995614,150000000.0,68564507.0
2022-04-29,711045.0,79747098,21353.0,996020,150000000.0,68524484.0
2022-04-30,723323.0,79754889,21555.0,996152,150000000.0,68504081.0
2022-05-01,732763.0,79814417,21685.0,996175,150000000.0,68434960.0
2022-05-02,767085.0,79852623,22317.0,996470,150000000.0,68361505.0
2022-05-03,778250.0,79919944,23390.0,996923,150000000.0,68281493.0
2022-05-04,822825.0,79978475,24445.0,998875,150000000.0,68175380.0
2022-05-05,850555.0,80066750,25151.0,999175,150000000.0,68058369.0
2022-05-06,891032.0,80087095,25563.0,999533,150000000.0,67996777.0
2022-05-07,899380.0,80100867,25744.0,999744,150000000.0,67974265.0
2022-05-08,892009.0,80168641,25776.0,999774,150000000.0,67913800.0
2022-05-09,953384.0,80213281,26404.0,1000024,150000000.0,67806907.0
2022-05-10,979013.0,80302761,27454.0,1000356,150000000.0,67690416.0
2022-05-11,1050223.0,80379062,28614.0,1001029,150000000.0,67541072.0
2022-05-12,1078589.0,80440002,29575.0,1001342,150000000.0,67450492.0
2022-05-13,1104596.0,80464898,30184.0,1001543,150000000.0,67398779.0
2022-05-14,1097987.0,80482195,30478.0,1001609,150000000.0,67387731.0
2022-05-15,1113753.0,80576031,30622.0,1001646,150000000.0,67277948.0
2022-05-16,1196806.0,80625454,31580.0,1001889,150000000.0,67144271.0
2022-05-17,1232466.0,80737403,32865.0,1002289,150000000.0,66994977.0
2022-05-18,1323951.0,80824667,34193.0,1003238,150000000.0,66813951.0
2022-05-19,1371289.0,80953362,35012.0,1003595,150000000.0,66636742.0
2022-05-20,1391018.0,80982014,35571.0,1003994,150000000.0,66587403.0
2022-05-21,1390121.0,80988531,35648.0,1004089,150000000.0,66581611.0
2022-05-22,1404357.0,81117666,35466.0,1004133,150000000.0,66438378.0
2022-05-23,1416708.0,81187938,35962.0,1004380,150000000.0,66355012.0
2022-05-24,1430051.0,81348616,36913.0,1004724,150000000.0,66179696.0
2022-05-25,1479767.0,81452879,38008.0,1005801,150000000.0,66023545.0
2022-05-26,1509957.0,81539772,38372.0,1006168,150000000.0,65905731.0
2022-05-27,1530528.0,81557736,38763.0,1006692,150000000.0,65866281.0
2022-05-28,1526312.0,81590818,38692.0,1006739,150000000.0,65837439.0
2022-05-29,1500309.0,81767727,38438.0,1006756,150000000.0,65686770.0
2022-05-30,1385895.0,81853011,38590.0,1006798,150000000.0,65715706.0
2022-05-31,1467739.0,82056478,39850.0,1007165,150000000.0,65428768.0
2022-06-01,1492628.0,82191364,40980.0,1007830,150000000.0,65267198.0
2022-06-02,1479397.0,82339804,41505.0,1008171,150000000.0,65131123.0
2022-06-03,1487601.0,82367586,41605.0,1008543,150000000.0,65094665.0
2022-06-04,1487592.0,82388250,41143.0,1008727,150000000.0,65074288.0
2022-06-05,1483127.0,82529746,40716.0,1008761,150000000.0,64937650.0
2022-06-06,1501417.0,82613330,41096.0,1009039,150000000.0,64835118.0
2022-06-07,1504188.0,82823587,41949.0,1009520,150000000.0,64620756.0
2022-06-08,1492050.0,82957943,43012.0,1010694,150000000.0,64496301.0
2022-06-09,1488458.0,83065453,43670.0,1011015,150000000.0,64391404.0
2022-06-10,1486788.0,83079366,43537.0,1011374,150000000.0,64378935.0
2022-06-11,1507911.0,83086375,42883.0,1011491,150000000.0,64351340.0
2022-06-12,1518659.0,83148857,42519.0,1011521,150000000.0,64278444.0
2022-06-13,1607716.0,83315756,43017.0,1011792,150000000.0,64021719.0
2022-06-14,1530723.0,83544095,44015.0,1012176,150000000.0,63868991.0
2022-06-15,1486888.0,83665719,44989.0,1012872,150000000.0,63789532.0
2022-06-16,1494600.0,83822255,45042.0,1013321,150000000.0,63624782.0
2022-06-17,1476426.0,83850083,44961.0,1013638,150000000.0,63614892.0
2022-06-18,1466072.0,83866423,44269.0,1013681,150000000.0,63609555.0
2022-06-19,1467841.0,84026189,43801.0,1013735,150000000.0,63448434.0
2022-06-20,1404064.0,84112750,44097.0,1013807,150000000.0,63425282.0
2022-06-21,1428615.0,84310874,45231.0,1014283,150000000.0,63200997.0
2022-06-22,1415375.0,84441970,46293.0,1015125,150000000.0,63081237.0
2022-06-23,1422144.0,84547738,46896.0,1015518,150000000.0,62967704.0
2022-06-24,1433189.0,84582701,47443.0,1015950,150000000.0,62920717.0
2022-06-25,1438909.0,84600410,47372.0,1016115,150000000.0,62897194.0
2022-06-26,1443498.0,84751957,47426.0,1016137,150000000.0,62740982.0
2022-06-27,1451865.0,84841837,48421.0,1016434,150000000.0,62641443.0
2022-06-28,1459498.0,85026148,49918.0,1017011,150000000.0,62447425.0
2022-06-29,1464502.0,85155474,51301.0,1017717,150000000.0,62311006.0
2022-06-30,1502223.0,85294539,52080.0,1017463,150000000.0,62133695.0
2022-07-01,1520250.0,85311835,52448.0,1017958,150000000.0,62097509.0
2022-07-02,1523038.0,85329933,52201.0,1018012,150000000.0,62076816.0
2022-07-03,1513545.0,85425968,51682.0,1018020,150000000.0,61990785.0
2022-07-04,1493959.0,85537073,51621.0,1018099,150000000.0,61899248.0
2022-07-05,1524190.0,85721971,53273.0,1018561,150000000.0,61682005.0
2022-07-06,1539235.0,85859928,55001.0,1019311,150000000.0,61526525.0
2022-07-07,1539587.0,85976044,56071.0,1020401,150000000.0,61407897.0
2022-07-08,1560087.0,86016677,56761.0,1020883,150000000.0,61345592.0
2022-07-09,1548273.0,86039042,56831.0,1020981,150000000.0,61334873.0
2022-07-10,1550578.0,86198946,56758.0,1021013,150000000.0,61172705.0
2022-07-11,1591515.0,86296299,57754.0,1021470,150000000.0,61032962.0
2022-07-12,1641903.0,86485611,59656.0,1022050,150000000.0,60790780.0
2022-07-13,1656323.0,86652408,61523.0,1023006,150000000.0,60606740.0
2022-07-14,1664018.0,86808851,62903.0,1023401,150000000.0,60440827.0
2022-07-15,1660370.0,86828939,62961.0,1023892,150000000.0,60423838.0
2022-07-16,1679239.0,86837527,62253.0,1023963,150000000.0,60397018.0
2022-07-17,1700416.0,86913930,61573.0,1024017,150000000.0,60300064.0
2022-07-18,1788806.0,87054911,62488.0,1024451,150000000.0,60069344.0
2022-07-19,1764585.0,87254680,64009.0,1025087,150000000.0,59891639.0
2022-07-20,1780581.0,87392854,65402.0,1025972,150000000.0,59735191.0
2022-07-21,1817279.0,87530048,65925.0,1026484,150000000.0,59560264.0
2022-07-22,1810973.0,87558801,65677.0,1027032,150000000.0,59537517.0
2022-07-23,1808272.0,87583467,64930.0,1027134,150000000.0,59516197.0
2022-07-24,1806993.0,87784308,64305.0,1027166,150000000.0,59317228.0
2022-07-25,1795977.0,87932084,64737.0,1027588,150000000.0,59179614.0
2022-07-26,1779874.0,88135844,65900.0,1028140,150000000.0,58990242.0
2022-07-27,1815337.0,88310359,66885.0,1029073,150000000.0,58778346.0
2022-07-28,1817266.0,88463120,66644.0,1029502,150000000.0,58623468.0
2022-07-29,1823312.0,88501964,65757.0,1030106,150000000.0,58578861.0
2022-07-30,1800091.0,88531749,64421.0,1030157,150000000.0,58573582.0
2022-07-31,1783476.0,88696583,63167.0,1030170,150000000.0,58426604.0
2022-08-01,1788440.0,88813211,63130.0,1030736,150000000.0,58304483.0
2022-08-02,1762178.0,89029093,63971.0,1031255,150000000.0,58113503.0
2022-08-03,1746175.0,89203800,64675.0,1032305,150000000.0,57953045.0
2022-08-04,1757740.0,89334536,64470.0,1032969,150000000.0,57810285.0
2022-08-05,1732457.0,89360449,63877.0,1033656,150000000.0,57809561.0
2022-08-06,1720996.0,89383866,62581.0,1033728,150000000.0,57798829.0
2022-08-07,1710244.0,89573691,61156.0,1033760,150000000.0,57621149.0
2022-08-08,1675579.0,89705292,61462.0,1034254,150000000.0,57523413.0
2022-08-09,1643243.0,89944417,62403.0,1034904,150000000.0,57315033.0
2022-08-10,1599951.0,90120881,63144.0,1035817,150000000.0,57180207.0
2022-08-11,1585552.0,90279528,62928.0,1036406,150000000.0,57035586.0
2022-08-12,1522971.0,90295140,62045.0,1037021,150000000.0,57082823.0
2022-08-13,1590559.0,90308275,60530.0,1037107,150000000.0,57003529.0
2022-08-14,1587159.0,90478069,59014.0,1037124,150000000.0,56838634.0
2022-08-15,1540046.0,90568539,58718.0,1037586,150000000.0,56795111.0
2022-08-16,1540890.0,90768416,59276.0,1038107,150000000.0,56593311.0
2022-08-17,1477364.0,90954671,59735.0,1039174,150000000.0,56469056.0
2022-08-18,1439166.0,91060140,58868.0,1039822,150000000.0,56402004.0
2022-08-19,1410596.0,91074715,57843.0,1040386,150000000.0,56416460.0
2022-08-20,1406666.0,91087378,56428.0,1040460,150000000.0,56409068.0
2022-08-21,1403801.0,91242544,55076.0,1040486,150000000.0,56258093.0
2022-08-22,1377556.0,91341797,54821.0,1040992,150000000.0,56184834.0
2022-08-23,1377077.0,91537659,55333.0,1041613,150000000.0,55988318.0
2022-08-24,1332278.0,91699707,55740.0,1042543,150000000.0,55869732.0
2022-08-25,1308955.0,91795712,55285.0,1043193,150000000.0,55796855.0
2022-08-26,1333374.0,91878857,54510.0,1043863,150000000.0,55689396.0
2022-08-27,1261477.0,91888606,53285.0,1043935,150000000.0,55752697.0
2022-08-28,1260248.0,92011285,52374.0,1043954,150000000.0,55632139.0
2022-08-29,1243725.0,92102586,52266.0,1044429,150000000.0,55556994.0
2022-08-30,1227583.0,92239047,52698.0,1044840,150000000.0,55435832.0
2022-08-31,1244884.0,92386680,52897.0,1046331,150000000.0,55269208.0
2022-09-01,1225989.0,92463511,52237.0,1047047,150000000.0,55211216.0
2022-09-02,1213082.0,92474269,51343.0,1047498,150000000.0,55213808.0
2022-09-03,1213361.0,92484073,50087.0,1047566,150000000.0,55204913.0
2022-09-04,1210972.0,92613006,48757.0,1047580,150000000.0,55079685.0
2022-09-05,1115700.0,92712197,47888.0,1047669,150000000.0,55076546.0
2022-09-06,1128866.0,92863276,48262.0,1048274,150000000.0,54911322.0
2022-09-07,1101154.0,93002152,48494.0,1049053,150000000.0,54799147.0
2022-09-08,1068720.0,93122515,47916.0,1049764,150000000.0,54711085.0
2022-09-09,1048406.0,93133927,46942.0,1050270,150000000.0,54720455.0
2022-09-10,1046648.0,93142437,45662.0,1050352,150000000.0,54714901.0
2022-09-11,1047100.0,93248591,44641.0,1050373,150000000.0,54609295.0
2022-09-12,1010315.0,93323775,44324.0,1050823,150000000.0,54570763.0
2022-09-13,1014355.0,93477420,44602.0,1051351,150000000.0,54412272.0
2022-09-14,963384.0,93606699,44883.0,1052301,150000000.0,54332733.0
2022-09-15,916792.0,93670645,44731.0,1052995,150000000.0,54314837.0
2022-09-16,908388.0,93681727,43776.0,1053401,150000000.0,54312708.0
2022-09-17,905471.0,93689151,42409.0,1053460,150000000.0,54309509.0
2022-09-18,903479.0,93722802,41292.0,1053484,150000000.0,54278943.0
2022-09-19,925495.0,93834859,41065.0,1053873,150000000.0,54144708.0
2022-09-20,882308.0,93958382,41367.0,1054322,150000000.0,54063621.0
2022-09-21,856700.0,94064637,41593.0,1055288,150000000.0,53981782.0
2022-09-22,830550.0,94164707,41105.0,1055978,150000000.0,53907660.0
2022-09-23,813074.0,94174470,40198.0,1056375,150000000.0,53915883.0
2022-09-24,812672.0,94183432,38913.0,1056457,150000000.0,53908526.0
2022-09-25,810373.0,94252804,37965.0,1056475,150000000.0,53842383.0
2022-09-26,786535.0,94332113,37758.0,1056840,150000000.0,53786754.0
2022-09-27,767908.0,94434863,37915.0,1057292,150000000.0,53702022.0
2022-09-28,751251.0,94517229,37861.0,1058563,150000000.0,53635096.0
2022-09-29,752150.0,94572739,37241.0,1059289,150000000.0,53578581.0
2022-09-30,729478.0,94580990,36509.0,1059609,150000000.0,53593414.0
2022-10-01,728952.0,94586446,35397.0,1059644,150000000.0,53589561.0
2022-10-02,729345.0,94642119,34646.0,1059662,150000000.0,53534228.0
2022-10-03,715139.0,94711087,34696.0,1059953,150000000.0,53479125.0
2022-10-04,701238.0,94808946,35078.0,1060458,150000000.0,53394280.0
2022-10-05,674251.0,94888991,35310.0,1061484,150000000.0,53339964.0
2022-10-06,654142.0,94971651,35000.0,1062108,150000000.0,53277099.0
2022-10-07,629192.0,94981009,34617.0,1062508,150000000.0,53292674.0
2022-10-08,627275.0,94987702,33844.0,1062560,150000000.0,53288619.0
2022-10-09,626167.0,95033242,33266.0,1062572,150000000.0,53244753.0
2022-10-10,603686.0,95094154,33433.0,1062707,150000000.0,53206020.0
2022-10-11,603483.0,95180089,33861.0,1063317,150000000.0,53119250.0
2022-10-12,581638.0,95263855,34169.0,1064087,150000000.0,53056251.0
2022-10-13,560720.0,95296828,33990.0,1064678,150000000.0,53043784.0
2022-10-14,554229.0,95304542,33677.0,1065009,150000000.0,53042543.0
2022-10-15,552269.0,95310384,32973.0,1065051,150000000.0,53039323.0
2022-10-16,553201.0,95351858,32356.0,1065062,150000000.0,52997523.0
2022-10-17,550667.0,95406879,32428.0,1065399,150000000.0,52944627.0
2022-10-18,538972.0,95477819,33097.0,1065836,150000000.0,52884276.0
2022-10-19,528294.0,95538071,33596.0,1066546,150000000.0,52833493.0
2022-10-20,524762.0,95595800,33425.0,1067151,150000000.0,52778862.0
2022-10-21,512551.0,95603060,33333.0,1067732,150000000.0,52783324.0
2022-10-22,510200.0,95608674,32776.0,1067755,150000000.0,52780595.0
2022-10-23,513199.0,95631733,32345.0,1067767,150000000.0,52754956.0
2022-10-24,529512.0,95692368,32756.0,1067976,150000000.0,52677388.0
2022-10-25,512470.0,95756633,33729.0,1068411,150000000.0,52628757.0
2022-10-26,519311.0,95819151,34469.0,1069511,150000000.0,52557558.0
2022-10-27,515032.0,95845631,34507.0,1070104,150000000.0,52534726.0
2022-10-28,518400.0,95851524,34168.0,1070296,150000000.0,52525612.0
2022-10-29,521441.0,95858304,33497.0,1070332,150000000.0,52516426.0
2022-10-30,518056.0,95897246,33019.0,1070341,150000000.0,52481338.0
2022-10-31,524072.0,95940777,33243.0,1070473,150000000.0,52431435.0
2022-11-01,529377.0,96001031,34104.0,1070918,150000000.0,52364570.0
2022-11-02,542716.0,96057738,34794.0,1071641,150000000.0,52293111.0
2022-11-03,556129.0,96103216,34827.0,1072286,150000000.0,52233542.0
2022-11-04,548716.0,96108351,34488.0,1072641,150000000.0,52235804.0
2022-11-05,548528.0,96116954,33925.0,1072674,150000000.0,52227919.0
2022-11-06,548024.0,96156319,33735.0,1072693,150000000.0,52189229.0
2022-11-07,549313.0,96199987,34274.0,1072827,150000000.0,52143599.0
2022-11-08,536966.0,96271307,34966.0,1073048,150000000.0,52083713.0
2022-11-09,562748.0,96329739,35545.0,1073955,150000000.0,51998013.0
2022-11-10,569752.0,96359588,35462.0,1074547,150000000.0,51960651.0
2022-11-11,552495.0,96368658,35199.0,1074603,150000000.0,51969045.0
2022-11-12,548637.0,96372084,34544.0,1074608,150000000.0,51970127.0
2022-11-13,547848.0,96417038,33990.0,1074621,150000000.0,51926503.0
2022-11-14,553291.0,96465752,34101.0,1074875,150000000.0,51871981.0
2022-11-15,564200.0,96539388,34769.0,1075277,150000000.0,51786366.0
2022-11-16,574905.0,96609431,35135.0,1076077,150000000.0,51704452.0
2022-11-17,558159.0,96647613,35248.0,1076605,150000000.0,51682375.0
2022-11-18,575048.0,96652405,35335.0,1077115,150000000.0,51660097.0
2022-11-19,574764.0,96660514,35055.0,1077138,150000000.0,51652529.0
2022-11-20,570578.0,96701167,35020.0,1077158,150000000.0,51616077.0
2022-11-21,574424.0,96732411,35606.0,1077369,150000000.0,51580190.0
2022-11-22,599288.0,96829168,36706.0,1077935,150000000.0,51456903.0
2022-11-23,615398.0,96894525,37618.0,1078921,150000000.0,51373538.0
2022-11-24,565379.0,96907520,37705.0,1079110,150000000.0,51410286.0
2022-11-25,574524.0,96912634,38292.0,1079264,150000000.0,51395286.0
2022-11-26,572552.0,96915263,38809.0,1079277,150000000.0,51394099.0
2022-11-27,575855.0,96965660,39522.0,1079290,150000000.0,51339673.0
2022-11-28,587770.0,97025239,41215.0,1079588,150000000.0,51266188.0
2022-11-29,595352.0,97109570,43274.0,1080000,150000000.0,51171804.0
2022-11-30,623623.0,97163107,44867.0,1080560,150000000.0,51087843.0
2022-12-01,660155.0,97218019,45756.0,1081247,150000000.0,50994823.0
2022-12-02,668937.0,97222725,46426.0,1081559,150000000.0,50980353.0
2022-12-03,671056.0,97226642,46770.0,1081588,150000000.0,50973944.0
2022-12-04,672677.0,97271150,47721.0,1081599,150000000.0,50926853.0
2022-12-05,685983.0,97327246,48875.0,1081822,150000000.0,50856074.0
2022-12-06,724677.0,97440074,50156.0,1082427,150000000.0,50702666.0
2022-12-07,756691.0,97455393,50851.0,1083432,150000000.0,50653633.0
2022-12-08,839641.0,97476830,50650.0,1084324,150000000.0,50548555.0
2022-12-09,853921.0,97479927,50516.0,1084523,150000000.0,50531113.0
2022-12-10,857891.0,97485839,50088.0,1084556,150000000.0,50521626.0
2022-12-11,858342.0,97548153,49804.0,1084567,150000000.0,50459134.0
2022-12-12,855695.0,97615384,50578.0,1084795,150000000.0,50393548.0
2022-12-13,882046.0,97727803,51741.0,1085390,150000000.0,50253020.0
2022-12-14,917732.0,97817550,52943.0,1086272,150000000.0,50125503.0
2022-12-15,939725.0,97881110,53142.0,1087093,150000000.0,50038930.0
2022-12-16,930399.0,97887822,53282.0,1087518,150000000.0,50040979.0
2022-12-17,930343.0,97893363,53056.0,1087544,150000000.0,50035694.0
2022-12-18,930849.0,97951166,53001.0,1087566,150000000.0,49977418.0
2022-12-19,933849.0,98045897,53871.0,1087848,150000000.0,49878535.0
2022-12-20,920814.0,98190758,55201.0,1088434,150000000.0,49744793.0
2022-12-21,957531.0,98288990,56482.0,1089476,150000000.0,49607521.0
2022-12-22,954445.0,98325003,56696.0,1090072,150000000.0,49573784.0
2022-12-23,957071.0,98332062,56701.0,1090279,150000000.0,49563887.0
2022-12-24,956327.0,98338436,55952.0,1090301,150000000.0,49558984.0
2022-12-25,953145.0,98398099,55277.0,1090316,150000000.0,49503163.0
2022-12-26,905896.0,98491880,56300.0,1090345,150000000.0,49455579.0
2022-12-27,923018.0,98640224,58397.0,1090701,150000000.0,49287660.0
2022-12-28,887662.0,98751856,60589.0,1091691,150000000.0,49208202.0
2022-12-29,879029.0,98805987,61919.0,1092615,150000000.0,49160450.0
2022-12-30,858451.0,98812852,62875.0,1092831,150000000.0,49172991.0
2022-12-31,859317.0,98818899,62960.0,1092857,150000000.0,49165967.0
2023-01-01,857537.0,98879709,63192.0,1092872,150000000.0,49106690.0
2023-01-02,805021.0,98961665,64345.0,1092894,150000000.0,49076075.0
2023-01-03,835346.0,99143422,66185.0,1093301,150000000.0,48861746.0
2023-01-04,851298.0,99238325,67832.0,1094586,150000000.0,48747959.0
2023-01-05,862952.0,99276718,67817.0,1095428,150000000.0,48697085.0
2023-01-06,888904.0,99282786,66519.0,1095882,150000000.0,48665909.0
2023-01-07,888237.0,99285974,64412.0,1095908,150000000.0,48665469.0
2023-01-08,890728.0,99298386,62159.0,1095925,150000000.0,48652802.0
2023-01-09,921309.0,99409018,61075.0,1096225,150000000.0,48512373.0
2023-01-10,893662.0,99521470,60781.0,1097117,150000000.0,48426970.0
2023-01-11,919935.0,99623629,60359.0,1098947,150000000.0,48297130.0
2023-01-12,880925.0,99657386,59052.0,1099667,150000000.0,48302970.0
2023-01-13,879759.0,99664953,57182.0,1100047,150000000.0,48298059.0
2023-01-14,877092.0,99669194,54738.0,1100099,150000000.0,48298877.0
2023-01-15,876117.0,99677487,52252.0,1100115,150000000.0,48294029.0
2023-01-16,875325.0,99789746,51298.0,1100159,150000000.0,48183472.0
2023-01-17,844272.0,99987118,51030.0,1100903,150000000.0,48016677.0
2023-01-18,774782.0,100093379,50735.0,1102484,150000000.0,47978620.0
2023-01-19,758129.0,100157247,49625.0,1103803,150000000.0,47931196.0
2023-01-20,730444.0,100162660,48194.0,1104245,150000000.0,47954457.0
2023-01-21,729713.0,100168342,46247.0,1104268,150000000.0,47951430.0
2023-01-22,727295.0,100211339,44552.0,1104281,150000000.0,47912533.0
2023-01-23,715329.0,100294310,43932.0,1104595,150000000.0,47841834.0
2023-01-24,687778.0,100433124,44158.0,1105398,150000000.0,47729542.0
2023-01-25,650468.0,100496735,44235.0,1106766,150000000.0,47701796.0
2023-01-26,649600.0,100529163,43500.0,1107649,150000000.0,47670088.0
2023-01-27,633212.0,100534341,42596.0,1107751,150000000.0,47682100.0
2023-01-28,632529.0,100537644,41311.0,1107766,150000000.0,47680750.0
2023-01-29,632714.0,100545147,40100.0,1107780,150000000.0,47674259.0
2023-01-30,654343.0,100626169,39780.0,1108008,150000000.0,47571700.0
2023-01-31,628454.0,100754025,40106.0,1108778,150000000.0,47468637.0
2023-02-01,616342.0,100843906,40389.0,1110086,150000000.0,47389277.0
2023-02-02,606819.0,100880245,39854.0,1111249,150000000.0,47361833.0
2023-02-03,608186.0,100884849,39157.0,1111769,150000000.0,47356039.0
2023-02-04,607252.0,100888119,38216.0,1111786,150000000.0,47354627.0
2023-02-05,606925.0,100919161,37510.0,1111788,150000000.0,47324616.0
2023-02-06,600368.0,100974703,37550.0,1111980,150000000.0,47275399.0
2023-02-07,590264.0,101076538,38089.0,1112452,150000000.0,47182657.0
2023-02-08,571616.0,101139582,38581.0,1113519,150000000.0,47136702.0
2023-02-09,589467.0,101155549,38521.0,1114475,150000000.0,47101988.0
2023-02-10,584700.0,101160039,38363.0,1114582,150000000.0,47102316.0
2023-02-11,584490.0,101163505,37605.0,1114619,150000000.0,47099781.0
2023-02-12,584300.0,101192643,36970.0,1114627,150000000.0,47071460.0
2023-02-13,578164.0,101247832,37142.0,1114799,150000000.0,47022063.0
2023-02-14,570783.0,101363895,37899.0,1115250,150000000.0,46912173.0
2023-02-15,543043.0,101444980,38394.0,1115831,150000000.0,46857752.0
2023-02-16,521863.0,101482739,38175.0,1116941,150000000.0,46840282.0
2023-02-17,530791.0,101486208,37735.0,1117662,150000000.0,46827604.0
2023-02-18,529192.0,101489151,36935.0,1117679,150000000.0,46827043.0
2023-02-19,527612.0,101513637,36159.0,1117680,150000000.0,46804912.0
2023-02-20,505069.0,101559194,36137.0,1117753,150000000.0,46781847.0
2023-02-21,519953.0,101642491,36607.0,1118115,150000000.0,46682834.0
2023-02-22,546435.0,101723592,36934.0,1118976,150000000.0,46574063.0
2023-02-23,521127.0,101735113,36463.0,1119611,150000000.0,46587686.0
2023-02-24,521869.0,101739448,35820.0,1119663,150000000.0,46583200.0
2023-02-25,520227.0,101742747,34739.0,1119677,150000000.0,46582610.0
2023-02-26,518306.0,101765757,34068.0,1119677,150000000.0,46562192.0
2023-02-27,511116.0,101813747,34028.0,1119667,150000000.0,46521442.0
2023-02-28,505689.0,101902186,34186.0,1120002,150000000.0,46437937.0
2023-03-01,500291.0,101961763,34281.0,1120911,150000000.0,46382754.0
2023-03-02,500965.0,102008804,33710.0,1121667,150000000.0,46334854.0
2023-03-03,513271.0,102010905,33098.0,1122157,150000000.0,46320569.0
2023-03-04,512612.0,102012278,32242.0,1122164,150000000.0,46320704.0
